danceability,energy,key,loudness,mode,speechiness,acousticness,instrumentalness,liveness,valence,tempo,type,id,uri,track_href,analysis_url,duration_ms,time_signature
0.472,0.471,10,-5.692,1,0.0603,0.151,0.0,0.14,0.219,105.029,audio_features,6tNQ70jh4OwmPGpYy6R2o9,spotify:track:6tNQ70jh4OwmPGpYy6R2o9,https://api.spotify.com/v1/tracks/6tNQ70jh4OwmPGpYy6R2o9,https://api.spotify.com/v1/audio-analysis/6tNQ70jh4OwmPGpYy6R2o9,180304,3
0.645,0.663,5,-8.305,1,0.0447,0.0657,3.18e-05,0.0751,0.287,115.83,audio_features,51ZQ1vr10ffzbwIjDCwqm4,spotify:track:51ZQ1vr10ffzbwIjDCwqm4,https://api.spotify.com/v1/tracks/51ZQ1vr10ffzbwIjDCwqm4,https://api.spotify.com/v1/audio-analysis/51ZQ1vr10ffzbwIjDCwqm4,228639,4
0.689,0.454,2,-7.643,1,0.0584,0.0351,0.00259,0.0707,0.912,159.982,audio_features,3qhlB30KknSejmIvZZLjOD,spotify:track:3qhlB30KknSejmIvZZLjOD,https://api.spotify.com/v1/tracks/3qhlB30KknSejmIvZZLjOD,https://api.spotify.com/v1/audio-analysis/3qhlB30KknSejmIvZZLjOD,159246,4
0.814,0.676,11,-4.67,0,0.231,0.00709,1.28e-05,0.119,0.312,162.012,audio_features,2tudvzsrR56uom6smgOcSf,spotify:track:2tudvzsrR56uom6smgOcSf,https://api.spotify.com/v1/tracks/2tudvzsrR56uom6smgOcSf,https://api.spotify.com/v1/audio-analysis/2tudvzsrR56uom6smgOcSf,267707,4
0.594,0.811,1,-5.746,1,0.159,0.189,0.0,0.339,0.311,148.144,audio_features,3w0w2T288dec0mgeZZqoNN,spotify:track:3w0w2T288dec0mgeZZqoNN,https://api.spotify.com/v1/tracks/3w0w2T288dec0mgeZZqoNN,https://api.spotify.com/v1/audio-analysis/3w0w2T288dec0mgeZZqoNN,264324,4
0.561,0.604,9,-4.409,1,0.0337,0.199,1.9e-05,0.104,0.242,159.92,audio_features,17phhZDn6oGtzMe56NuWvj,spotify:track:17phhZDn6oGtzMe56NuWvj,https://api.spotify.com/v1/tracks/17phhZDn6oGtzMe56NuWvj,https://api.spotify.com/v1/audio-analysis/17phhZDn6oGtzMe56NuWvj,210689,3
0.75,0.733,6,-3.18,0,0.0319,0.256,0.0,0.114,0.844,111.018,audio_features,3rUGC1vUpkDG9CZFHMur1t,spotify:track:3rUGC1vUpkDG9CZFHMur1t,https://api.spotify.com/v1/tracks/3rUGC1vUpkDG9CZFHMur1t,https://api.spotify.com/v1/audio-analysis/3rUGC1vUpkDG9CZFHMur1t,131872,1
0.741,0.62,10,-5.505,1,0.0412,0.0295,0.000809,0.0398,0.934,117.038,audio_features,0AjmK0Eai4zGrLaJwPvrDp,spotify:track:0AjmK0Eai4zGrLaJwPvrDp,https://api.spotify.com/v1/tracks/0AjmK0Eai4zGrLaJwPvrDp,https://api.spotify.com/v1/audio-analysis/0AjmK0Eai4zGrLaJwPvrDp,251424,4
0.791,0.499,8,-8.472,0,0.0509,0.446,2.41e-05,0.0899,0.669,99.986,audio_features,6XjDF6nds4DE2BBbagZol6,spotify:track:6XjDF6nds4DE2BBbagZol6,https://api.spotify.com/v1/tracks/6XjDF6nds4DE2BBbagZol6,https://api.spotify.com/v1/audio-analysis/6XjDF6nds4DE2BBbagZol6,222000,4
0.552,0.702,9,-5.707,1,0.157,0.117,2.06e-05,0.105,0.564,169.994,audio_features,1BxfuPKGuaTgP7aM0Bbdwr,spotify:track:1BxfuPKGuaTgP7aM0Bbdwr,https://api.spotify.com/v1/tracks/1BxfuPKGuaTgP7aM0Bbdwr,https://api.spotify.com/v1/audio-analysis/1BxfuPKGuaTgP7aM0Bbdwr,178427,4
0.64,0.552,2,-5.679,1,0.129,0.0215,0.0,0.119,0.112,144.941,audio_features,28drn6tQo95MRvO0jQEo5C,spotify:track:28drn6tQo95MRvO0jQEo5C,https://api.spotify.com/v1/tracks/28drn6tQo95MRvO0jQEo5C,https://api.spotify.com/v1/audio-analysis/28drn6tQo95MRvO0jQEo5C,228267,4
0.599,0.946,11,-4.263,1,0.0447,0.000938,0.0106,0.0826,0.747,151.647,audio_features,2GxrNKugF82CnoRFbQfzPf,spotify:track:2GxrNKugF82CnoRFbQfzPf,https://api.spotify.com/v1/tracks/2GxrNKugF82CnoRFbQfzPf,https://api.spotify.com/v1/audio-analysis/2GxrNKugF82CnoRFbQfzPf,142515,4
0.531,0.652,8,-6.249,1,0.0325,0.0524,1.39e-06,0.162,0.179,87.521,audio_features,1VNWdmXSbaNrnWod10WIL0,spotify:track:1VNWdmXSbaNrnWod10WIL0,https://api.spotify.com/v1/tracks/1VNWdmXSbaNrnWod10WIL0,https://api.spotify.com/v1/audio-analysis/1VNWdmXSbaNrnWod10WIL0,244685,4
0.725,0.709,2,-6.514,1,0.072,0.588,0.0,0.135,0.353,110.024,audio_features,7AYmToZ5y67fBjq4RLFbuq,spotify:track:7AYmToZ5y67fBjq4RLFbuq,https://api.spotify.com/v1/tracks/7AYmToZ5y67fBjq4RLFbuq,https://api.spotify.com/v1/audio-analysis/7AYmToZ5y67fBjq4RLFbuq,235636,4
0.662,0.488,9,-6.894,1,0.0682,0.782,0.0,0.102,0.817,117.913,audio_features,0mflMxspEfB0VbI1kyLiAv,spotify:track:0mflMxspEfB0VbI1kyLiAv,https://api.spotify.com/v1/tracks/0mflMxspEfB0VbI1kyLiAv,https://api.spotify.com/v1/audio-analysis/0mflMxspEfB0VbI1kyLiAv,182347,4
0.774,0.86,7,-2.888,0,0.13,0.131,0.0,0.116,0.446,100.019,audio_features,7bywjHOc0wSjGGbj04XbVi,spotify:track:7bywjHOc0wSjGGbj04XbVi,https://api.spotify.com/v1/tracks/7bywjHOc0wSjGGbj04XbVi,https://api.spotify.com/v1/audio-analysis/7bywjHOc0wSjGGbj04XbVi,196800,4
0.876,0.412,5,-7.74,0,0.0748,0.431,0.0,0.101,0.15,130.052,audio_features,0hKtu53OlIFXVuYkZwcn3o,spotify:track:0hKtu53OlIFXVuYkZwcn3o,https://api.spotify.com/v1/tracks/0hKtu53OlIFXVuYkZwcn3o,https://api.spotify.com/v1/audio-analysis/0hKtu53OlIFXVuYkZwcn3o,169840,4
0.504,0.308,9,-14.958,1,0.0321,0.868,0.135,0.158,0.121,113.95,audio_features,3vkCueOmm7xQDoJ17W1Pm3,spotify:track:3vkCueOmm7xQDoJ17W1Pm3,https://api.spotify.com/v1/tracks/3vkCueOmm7xQDoJ17W1Pm3,https://api.spotify.com/v1/audio-analysis/3vkCueOmm7xQDoJ17W1Pm3,137773,4
0.751,0.819,11,-4.372,0,0.0409,0.255,0.0,0.236,0.697,131.842,audio_features,0R6NfOiLzLj4O5VbYSJAjf,spotify:track:0R6NfOiLzLj4O5VbYSJAjf,https://api.spotify.com/v1/tracks/0R6NfOiLzLj4O5VbYSJAjf,https://api.spotify.com/v1/audio-analysis/0R6NfOiLzLj4O5VbYSJAjf,172264,3
0.683,0.587,8,-5.094,1,0.0915,0.0219,0.0,0.305,0.697,119.985,audio_features,6tNgRQ0K2NYZ0Rb9l9DzL8,spotify:track:6tNgRQ0K2NYZ0Rb9l9DzL8,https://api.spotify.com/v1/tracks/6tNgRQ0K2NYZ0Rb9l9DzL8,https://api.spotify.com/v1/audio-analysis/6tNgRQ0K2NYZ0Rb9l9DzL8,170542,4
0.732,0.873,0,-5.965,1,0.0321,0.0449,0.000803,0.347,0.662,128.029,audio_features,5LhI8m7n8xlQmNe3b7Rwis,spotify:track:5LhI8m7n8xlQmNe3b7Rwis,https://api.spotify.com/v1/tracks/5LhI8m7n8xlQmNe3b7Rwis,https://api.spotify.com/v1/audio-analysis/5LhI8m7n8xlQmNe3b7Rwis,187088,3
0.779,0.508,6,-7.169,0,0.271,0.478,0.000439,0.243,0.346,124.091,audio_features,1pnDvUuAEd6z8bKEsbAjk1,spotify:track:1pnDvUuAEd6z8bKEsbAjk1,https://api.spotify.com/v1/tracks/1pnDvUuAEd6z8bKEsbAjk1,https://api.spotify.com/v1/audio-analysis/1pnDvUuAEd6z8bKEsbAjk1,226213,4
0.624,0.74,2,-8.445,1,0.0481,0.00529,0.000224,0.5,0.246,172.089,audio_features,52eIcoLUM25zbQupAZYoFh,spotify:track:52eIcoLUM25zbQupAZYoFh,https://api.spotify.com/v1/tracks/52eIcoLUM25zbQupAZYoFh,https://api.spotify.com/v1/audio-analysis/52eIcoLUM25zbQupAZYoFh,270698,4
0.464,0.417,0,-9.345,0,0.0256,0.136,0.022,0.0974,0.479,67.528,audio_features,5XeFesFbtLpXzIVDNQP22n,spotify:track:5XeFesFbtLpXzIVDNQP22n,https://api.spotify.com/v1/tracks/5XeFesFbtLpXzIVDNQP22n,https://api.spotify.com/v1/audio-analysis/5XeFesFbtLpXzIVDNQP22n,183956,4
0.716,0.664,6,-7.297,0,0.0571,0.11,0.0,0.11,0.209,112.054,audio_features,3OxL6MuctgZp1e0zxoAZhH,spotify:track:3OxL6MuctgZp1e0zxoAZhH,https://api.spotify.com/v1/tracks/3OxL6MuctgZp1e0zxoAZhH,https://api.spotify.com/v1/audio-analysis/3OxL6MuctgZp1e0zxoAZhH,205347,4
0.569,0.882,3,-2.777,0,0.06,0.0316,0.0,0.142,0.201,148.038,audio_features,42VsgItocQwOQC3XWZ8JNA,spotify:track:42VsgItocQwOQC3XWZ8JNA,https://api.spotify.com/v1/tracks/42VsgItocQwOQC3XWZ8JNA,https://api.spotify.com/v1/audio-analysis/42VsgItocQwOQC3XWZ8JNA,191701,4
0.411,0.619,1,-6.834,1,0.0368,0.62,0.0,0.11,0.337,177.937,audio_features,1bjeWoagtHmUKputLVyDxQ,spotify:track:1bjeWoagtHmUKputLVyDxQ,https://api.spotify.com/v1/tracks/1bjeWoagtHmUKputLVyDxQ,https://api.spotify.com/v1/audio-analysis/1bjeWoagtHmUKputLVyDxQ,186192,4
0.8,0.738,7,-4.26,1,0.0691,0.372,0.00877,0.19,0.267,103.008,audio_features,7iUtQNMRB8ZkKC4AmEuCJC,spotify:track:7iUtQNMRB8ZkKC4AmEuCJC,https://api.spotify.com/v1/tracks/7iUtQNMRB8ZkKC4AmEuCJC,https://api.spotify.com/v1/audio-analysis/7iUtQNMRB8ZkKC4AmEuCJC,174230,4
0.785,0.766,1,-6.551,1,0.0503,0.194,7.57e-05,0.107,0.804,119.029,audio_features,5D34wRmbFS29AjtTOP2QJe,spotify:track:5D34wRmbFS29AjtTOP2QJe,https://api.spotify.com/v1/tracks/5D34wRmbFS29AjtTOP2QJe,https://api.spotify.com/v1/audio-analysis/5D34wRmbFS29AjtTOP2QJe,214994,4
0.673,0.722,3,-3.495,0,0.0755,0.0856,0.0,0.137,0.519,117.187,audio_features,5aIVCx5tnk0ntmdiinnYvw,spotify:track:5aIVCx5tnk0ntmdiinnYvw,https://api.spotify.com/v1/tracks/5aIVCx5tnk0ntmdiinnYvw,https://api.spotify.com/v1/audio-analysis/5aIVCx5tnk0ntmdiinnYvw,200256,4
0.943,0.558,2,-4.911,1,0.0568,0.0026,2.19e-06,0.0937,0.606,104.983,audio_features,4xhsWYTOGcal8zt0J161CU,spotify:track:4xhsWYTOGcal8zt0J161CU,https://api.spotify.com/v1/tracks/4xhsWYTOGcal8zt0J161CU,https://api.spotify.com/v1/audio-analysis/4xhsWYTOGcal8zt0J161CU,138411,4
0.527,0.551,7,-11.258,1,0.0345,0.384,2.75e-06,0.403,0.443,148.035,audio_features,3Pbp7cUCx4d3OAkZSCoNvn,spotify:track:3Pbp7cUCx4d3OAkZSCoNvn,https://api.spotify.com/v1/tracks/3Pbp7cUCx4d3OAkZSCoNvn,https://api.spotify.com/v1/audio-analysis/3Pbp7cUCx4d3OAkZSCoNvn,159636,4
0.744,0.789,9,-4.876,0,0.059,0.0036,0.00144,0.0947,0.866,116.985,audio_features,4OMJGnvZfDvsePyCwRGO7X,spotify:track:4OMJGnvZfDvsePyCwRGO7X,https://api.spotify.com/v1/tracks/4OMJGnvZfDvsePyCwRGO7X,https://api.spotify.com/v1/audio-analysis/4OMJGnvZfDvsePyCwRGO7X,185918,4
0.706,0.8,5,-6.333,1,0.0399,0.00584,0.0,0.0822,0.629,100.011,audio_features,3U5JVgI2x4rDyHGObzJfNf,spotify:track:3U5JVgI2x4rDyHGObzJfNf,https://api.spotify.com/v1/tracks/3U5JVgI2x4rDyHGObzJfNf,https://api.spotify.com/v1/audio-analysis/3U5JVgI2x4rDyHGObzJfNf,259333,4
0.834,0.763,2,-5.475,1,0.0835,0.0354,2.33e-06,0.273,0.633,134.844,audio_features,0dEAiKNbHt4mrjjoiL0loc,spotify:track:0dEAiKNbHt4mrjjoiL0loc,https://api.spotify.com/v1/tracks/0dEAiKNbHt4mrjjoiL0loc,https://api.spotify.com/v1/audio-analysis/0dEAiKNbHt4mrjjoiL0loc,193568,3
0.501,0.373,10,-9.488,1,0.0493,0.671,0.0,0.177,0.38,84.682,audio_features,2o1pb13quMReXZqE7jWsgq,spotify:track:2o1pb13quMReXZqE7jWsgq,https://api.spotify.com/v1/tracks/2o1pb13quMReXZqE7jWsgq,https://api.spotify.com/v1/audio-analysis/2o1pb13quMReXZqE7jWsgq,92400,4
0.796,0.623,7,-5.819,0,0.0522,0.149,0.0,0.0746,0.443,98.003,audio_features,0Lmbke3KNVFXtoH2mMSHCw,spotify:track:0Lmbke3KNVFXtoH2mMSHCw,https://api.spotify.com/v1/tracks/0Lmbke3KNVFXtoH2mMSHCw,https://api.spotify.com/v1/audio-analysis/0Lmbke3KNVFXtoH2mMSHCw,173640,4
0.545,0.366,2,-9.51,1,0.0378,0.969,0.267,0.641,0.1,86.997,audio_features,0QZ5yyl6B6utIWkxeBDxQN,spotify:track:0QZ5yyl6B6utIWkxeBDxQN,https://api.spotify.com/v1/tracks/0QZ5yyl6B6utIWkxeBDxQN,https://api.spotify.com/v1/audio-analysis/0QZ5yyl6B6utIWkxeBDxQN,208212,3
0.79,0.831,11,-4.185,1,0.044,0.312,0.0,0.0797,0.872,124.987,audio_features,2HRgqmZQC0MC7GeNuDIXHN,spotify:track:2HRgqmZQC0MC7GeNuDIXHN,https://api.spotify.com/v1/tracks/2HRgqmZQC0MC7GeNuDIXHN,https://api.spotify.com/v1/audio-analysis/2HRgqmZQC0MC7GeNuDIXHN,183551,4
0.911,0.778,5,-2.248,1,0.262,0.0887,2.16e-05,0.179,0.345,96.057,audio_features,7iQXYTyuG13aoeHxGG28Nh,spotify:track:7iQXYTyuG13aoeHxGG28Nh,https://api.spotify.com/v1/tracks/7iQXYTyuG13aoeHxGG28Nh,https://api.spotify.com/v1/audio-analysis/7iQXYTyuG13aoeHxGG28Nh,162768,4
0.778,0.835,11,-3.598,0,0.0767,0.152,0.0,0.109,0.666,140.082,audio_features,5XVdHRf4CAJ2Jm0uMIy5qY,spotify:track:5XVdHRf4CAJ2Jm0uMIy5qY,https://api.spotify.com/v1/tracks/5XVdHRf4CAJ2Jm0uMIy5qY,https://api.spotify.com/v1/audio-analysis/5XVdHRf4CAJ2Jm0uMIy5qY,156346,4
0.815,0.582,5,-4.5,0,0.0532,0.0365,1.45e-06,0.138,0.671,123.03,audio_features,6Qb7YsAqH4wWFUMbGsCpap,spotify:track:6Qb7YsAqH4wWFUMbGsCpap,https://api.spotify.com/v1/tracks/6Qb7YsAqH4wWFUMbGsCpap,https://api.spotify.com/v1/audio-analysis/6Qb7YsAqH4wWFUMbGsCpap,209488,4
0.511,0.532,5,-5.745,1,0.0578,0.177,0.0,0.291,0.35,138.005,audio_features,1kuGVB7EU95pJObxwvfwKS,spotify:track:1kuGVB7EU95pJObxwvfwKS,https://api.spotify.com/v1/tracks/1kuGVB7EU95pJObxwvfwKS,https://api.spotify.com/v1/audio-analysis/1kuGVB7EU95pJObxwvfwKS,219724,4
0.66,0.727,6,-4.028,0,0.0441,0.128,1.31e-05,0.524,0.418,125.023,audio_features,3h5TiWTqGxjSjFrbruPFH9,spotify:track:3h5TiWTqGxjSjFrbruPFH9,https://api.spotify.com/v1/tracks/3h5TiWTqGxjSjFrbruPFH9,https://api.spotify.com/v1/audio-analysis/3h5TiWTqGxjSjFrbruPFH9,263040,4
0.429,0.453,0,-7.746,1,0.0459,0.554,2e-06,0.102,0.155,77.639,audio_features,4KULAymBBJcPRpk1yO4dOG,spotify:track:4KULAymBBJcPRpk1yO4dOG,https://api.spotify.com/v1/tracks/4KULAymBBJcPRpk1yO4dOG,https://api.spotify.com/v1/audio-analysis/4KULAymBBJcPRpk1yO4dOG,227196,4
0.679,0.587,7,-7.015,1,0.276,0.141,6.35e-06,0.137,0.486,186.003,audio_features,7MXVkk9YMctZqd1Srtv4MB,spotify:track:7MXVkk9YMctZqd1Srtv4MB,https://api.spotify.com/v1/tracks/7MXVkk9YMctZqd1Srtv4MB,https://api.spotify.com/v1/audio-analysis/7MXVkk9YMctZqd1Srtv4MB,230453,4
0.629,0.733,7,-5.445,1,0.0419,0.0025,0.0,0.357,0.362,120.001,audio_features,3Ua0m0YmEjrMi9XErKcNiR,spotify:track:3Ua0m0YmEjrMi9XErKcNiR,https://api.spotify.com/v1/tracks/3Ua0m0YmEjrMi9XErKcNiR,https://api.spotify.com/v1/audio-analysis/3Ua0m0YmEjrMi9XErKcNiR,212241,4
0.466,0.601,8,-4.468,1,0.053,0.0315,0.0,0.0927,0.627,53.376,audio_features,0PBTlQ84CBJF0tBnKGmQa6,spotify:track:0PBTlQ84CBJF0tBnKGmQa6,https://api.spotify.com/v1/tracks/0PBTlQ84CBJF0tBnKGmQa6,https://api.spotify.com/v1/audio-analysis/0PBTlQ84CBJF0tBnKGmQa6,148082,4
0.841,0.738,7,-7.455,0,0.307,0.52,0.0,0.0892,0.484,169.918,audio_features,5RqSsdzTNPX1uzkmlHCFvK,spotify:track:5RqSsdzTNPX1uzkmlHCFvK,https://api.spotify.com/v1/tracks/5RqSsdzTNPX1uzkmlHCFvK,https://api.spotify.com/v1/audio-analysis/5RqSsdzTNPX1uzkmlHCFvK,172798,4
0.82,0.487,9,-7.358,0,0.0959,0.102,0.0,0.0803,0.431,96.028,audio_features,57wp7VFnV8X0pSVnYArGeJ,spotify:track:57wp7VFnV8X0pSVnYArGeJ,https://api.spotify.com/v1/tracks/57wp7VFnV8X0pSVnYArGeJ,https://api.spotify.com/v1/audio-analysis/57wp7VFnV8X0pSVnYArGeJ,161342,4
